{"cameraMode":{"drawMode":0,"name":"Shaded","section":"Shading Mode"},"sceneLighting":false,"audioPlay":false,"sceneViewState":{"showFog":true,"showMaterialUpdate":false,"showSkybox":false,"showFlares":true,"showImageEffects":true,"showParticleSystems":true},"in2DMode":false,"pivot":{"x":7.9766693115234379,"y":-4.155857086181641,"z":-6.543339729309082},"rotation":{"x":-0.07686255872249603,"y":0.322125107049942,"z":-0.026248721405863763,"w":-0.943217396736145},"size":3.1999998092651369,"orthographic":false}