{"cameraMode":{"drawMode":0,"name":"Shaded","section":"Shading Mode"},"sceneLighting":true,"audioPlay":false,"sceneViewState":{"showFog":true,"showMaterialUpdate":false,"showSkybox":true,"showFlares":true,"showImageEffects":true,"showParticleSystems":true},"in2DMode":false,"pivot":{"x":467.12371826171877,"y":140.59825134277345,"z":-21.828338623046876},"rotation":{"x":-0.0961606428027153,"y":0.00507448660209775,"z":-0.0004910709685645998,"w":-0.9953659176826477},"size":242.54190063476563,"orthographic":false}